seed,alpha,gamma,q_iterations,epsilon,epsilon_min,epsilon_decay,steps_taken,finished,sweep_type,run_idx
101042,0.1,0.9,5,0.6,0.01,0.99,5,True,epsilon_epsilon_min_epsilon_decay,0
101043,0.1,0.9,5,0.6,0.01,0.99,17,True,epsilon_epsilon_min_epsilon_decay,1
101044,0.1,0.9,5,0.6,0.01,0.99,10,True,epsilon_epsilon_min_epsilon_decay,2
101045,0.1,0.9,5,0.6,0.01,0.99,17,True,epsilon_epsilon_min_epsilon_decay,3
101046,0.1,0.9,5,0.6,0.01,0.99,137,True,epsilon_epsilon_min_epsilon_decay,4
101047,0.1,0.9,5,0.6,0.01,0.99,200,False,epsilon_epsilon_min_epsilon_decay,5
101048,0.1,0.9,5,0.6,0.01,0.99,3,True,epsilon_epsilon_min_epsilon_decay,6
101049,0.1,0.9,5,0.6,0.01,0.99,28,True,epsilon_epsilon_min_epsilon_decay,7
101050,0.1,0.9,5,0.6,0.01,0.99,5,True,epsilon_epsilon_min_epsilon_decay,8
101051,0.1,0.9,5,0.6,0.01,0.99,66,True,epsilon_epsilon_min_epsilon_decay,9
102042,0.1,0.9,5,0.6,0.01,0.995,86,True,epsilon_epsilon_min_epsilon_decay,0
102043,0.1,0.9,5,0.6,0.01,0.995,12,True,epsilon_epsilon_min_epsilon_decay,1
102044,0.1,0.9,5,0.6,0.01,0.995,150,True,epsilon_epsilon_min_epsilon_decay,2
102045,0.1,0.9,5,0.6,0.01,0.995,81,True,epsilon_epsilon_min_epsilon_decay,3
102046,0.1,0.9,5,0.6,0.01,0.995,12,True,epsilon_epsilon_min_epsilon_decay,4
102047,0.1,0.9,5,0.6,0.01,0.995,18,True,epsilon_epsilon_min_epsilon_decay,5
102048,0.1,0.9,5,0.6,0.01,0.995,56,True,epsilon_epsilon_min_epsilon_decay,6
102049,0.1,0.9,5,0.6,0.01,0.995,16,True,epsilon_epsilon_min_epsilon_decay,7
102050,0.1,0.9,5,0.6,0.01,0.995,28,True,epsilon_epsilon_min_epsilon_decay,8
102051,0.1,0.9,5,0.6,0.01,0.995,9,True,epsilon_epsilon_min_epsilon_decay,9
103042,0.1,0.9,5,0.6,0.01,0.999,59,True,epsilon_epsilon_min_epsilon_decay,0
103043,0.1,0.9,5,0.6,0.01,0.999,31,True,epsilon_epsilon_min_epsilon_decay,1
103044,0.1,0.9,5,0.6,0.01,0.999,100,True,epsilon_epsilon_min_epsilon_decay,2
103045,0.1,0.9,5,0.6,0.01,0.999,38,True,epsilon_epsilon_min_epsilon_decay,3
103046,0.1,0.9,5,0.6,0.01,0.999,78,True,epsilon_epsilon_min_epsilon_decay,4
103047,0.1,0.9,5,0.6,0.01,0.999,79,True,epsilon_epsilon_min_epsilon_decay,5
103048,0.1,0.9,5,0.6,0.01,0.999,63,True,epsilon_epsilon_min_epsilon_decay,6
103049,0.1,0.9,5,0.6,0.01,0.999,38,True,epsilon_epsilon_min_epsilon_decay,7
103050,0.1,0.9,5,0.6,0.01,0.999,16,True,epsilon_epsilon_min_epsilon_decay,8
103051,0.1,0.9,5,0.6,0.01,0.999,9,True,epsilon_epsilon_min_epsilon_decay,9
104042,0.1,0.9,5,0.6,0.05,0.99,27,True,epsilon_epsilon_min_epsilon_decay,0
104043,0.1,0.9,5,0.6,0.05,0.99,200,False,epsilon_epsilon_min_epsilon_decay,1
104044,0.1,0.9,5,0.6,0.05,0.99,26,True,epsilon_epsilon_min_epsilon_decay,2
104045,0.1,0.9,5,0.6,0.05,0.99,11,True,epsilon_epsilon_min_epsilon_decay,3
104046,0.1,0.9,5,0.6,0.05,0.99,43,True,epsilon_epsilon_min_epsilon_decay,4
104047,0.1,0.9,5,0.6,0.05,0.99,4,True,epsilon_epsilon_min_epsilon_decay,5
104048,0.1,0.9,5,0.6,0.05,0.99,8,True,epsilon_epsilon_min_epsilon_decay,6
104049,0.1,0.9,5,0.6,0.05,0.99,6,True,epsilon_epsilon_min_epsilon_decay,7
104050,0.1,0.9,5,0.6,0.05,0.99,35,True,epsilon_epsilon_min_epsilon_decay,8
104051,0.1,0.9,5,0.6,0.05,0.99,44,True,epsilon_epsilon_min_epsilon_decay,9
105042,0.1,0.9,5,0.6,0.05,0.995,10,True,epsilon_epsilon_min_epsilon_decay,0
105043,0.1,0.9,5,0.6,0.05,0.995,71,True,epsilon_epsilon_min_epsilon_decay,1
105044,0.1,0.9,5,0.6,0.05,0.995,8,True,epsilon_epsilon_min_epsilon_decay,2
105045,0.1,0.9,5,0.6,0.05,0.995,12,True,epsilon_epsilon_min_epsilon_decay,3
105046,0.1,0.9,5,0.6,0.05,0.995,23,True,epsilon_epsilon_min_epsilon_decay,4
105047,0.1,0.9,5,0.6,0.05,0.995,51,True,epsilon_epsilon_min_epsilon_decay,5
105048,0.1,0.9,5,0.6,0.05,0.995,12,True,epsilon_epsilon_min_epsilon_decay,6
105049,0.1,0.9,5,0.6,0.05,0.995,11,True,epsilon_epsilon_min_epsilon_decay,7
105050,0.1,0.9,5,0.6,0.05,0.995,37,True,epsilon_epsilon_min_epsilon_decay,8
105051,0.1,0.9,5,0.6,0.05,0.995,9,True,epsilon_epsilon_min_epsilon_decay,9
106042,0.1,0.9,5,0.6,0.05,0.999,116,True,epsilon_epsilon_min_epsilon_decay,0
106043,0.1,0.9,5,0.6,0.05,0.999,200,False,epsilon_epsilon_min_epsilon_decay,1
106044,0.1,0.9,5,0.6,0.05,0.999,25,True,epsilon_epsilon_min_epsilon_decay,2
106045,0.1,0.9,5,0.6,0.05,0.999,14,True,epsilon_epsilon_min_epsilon_decay,3
106046,0.1,0.9,5,0.6,0.05,0.999,84,True,epsilon_epsilon_min_epsilon_decay,4
106047,0.1,0.9,5,0.6,0.05,0.999,65,True,epsilon_epsilon_min_epsilon_decay,5
106048,0.1,0.9,5,0.6,0.05,0.999,95,True,epsilon_epsilon_min_epsilon_decay,6
106049,0.1,0.9,5,0.6,0.05,0.999,7,True,epsilon_epsilon_min_epsilon_decay,7
106050,0.1,0.9,5,0.6,0.05,0.999,73,True,epsilon_epsilon_min_epsilon_decay,8
106051,0.1,0.9,5,0.6,0.05,0.999,18,True,epsilon_epsilon_min_epsilon_decay,9
107042,0.1,0.9,5,0.6,0.1,0.99,16,True,epsilon_epsilon_min_epsilon_decay,0
107043,0.1,0.9,5,0.6,0.1,0.99,16,True,epsilon_epsilon_min_epsilon_decay,1
107044,0.1,0.9,5,0.6,0.1,0.99,34,True,epsilon_epsilon_min_epsilon_decay,2
107045,0.1,0.9,5,0.6,0.1,0.99,107,True,epsilon_epsilon_min_epsilon_decay,3
107046,0.1,0.9,5,0.6,0.1,0.99,6,True,epsilon_epsilon_min_epsilon_decay,4
107047,0.1,0.9,5,0.6,0.1,0.99,25,True,epsilon_epsilon_min_epsilon_decay,5
107048,0.1,0.9,5,0.6,0.1,0.99,73,True,epsilon_epsilon_min_epsilon_decay,6
107049,0.1,0.9,5,0.6,0.1,0.99,33,True,epsilon_epsilon_min_epsilon_decay,7
107050,0.1,0.9,5,0.6,0.1,0.99,12,True,epsilon_epsilon_min_epsilon_decay,8
107051,0.1,0.9,5,0.6,0.1,0.99,49,True,epsilon_epsilon_min_epsilon_decay,9
108042,0.1,0.9,5,0.6,0.1,0.995,16,True,epsilon_epsilon_min_epsilon_decay,0
108043,0.1,0.9,5,0.6,0.1,0.995,4,True,epsilon_epsilon_min_epsilon_decay,1
108044,0.1,0.9,5,0.6,0.1,0.995,12,True,epsilon_epsilon_min_epsilon_decay,2
108045,0.1,0.9,5,0.6,0.1,0.995,33,True,epsilon_epsilon_min_epsilon_decay,3
108046,0.1,0.9,5,0.6,0.1,0.995,24,True,epsilon_epsilon_min_epsilon_decay,4
108047,0.1,0.9,5,0.6,0.1,0.995,15,True,epsilon_epsilon_min_epsilon_decay,5
108048,0.1,0.9,5,0.6,0.1,0.995,22,True,epsilon_epsilon_min_epsilon_decay,6
108049,0.1,0.9,5,0.6,0.1,0.995,200,False,epsilon_epsilon_min_epsilon_decay,7
108050,0.1,0.9,5,0.6,0.1,0.995,91,True,epsilon_epsilon_min_epsilon_decay,8
108051,0.1,0.9,5,0.6,0.1,0.995,8,True,epsilon_epsilon_min_epsilon_decay,9
109042,0.1,0.9,5,0.6,0.1,0.999,23,True,epsilon_epsilon_min_epsilon_decay,0
109043,0.1,0.9,5,0.6,0.1,0.999,161,True,epsilon_epsilon_min_epsilon_decay,1
109044,0.1,0.9,5,0.6,0.1,0.999,11,True,epsilon_epsilon_min_epsilon_decay,2
109045,0.1,0.9,5,0.6,0.1,0.999,15,True,epsilon_epsilon_min_epsilon_decay,3
109046,0.1,0.9,5,0.6,0.1,0.999,12,True,epsilon_epsilon_min_epsilon_decay,4
109047,0.1,0.9,5,0.6,0.1,0.999,23,True,epsilon_epsilon_min_epsilon_decay,5
109048,0.1,0.9,5,0.6,0.1,0.999,74,True,epsilon_epsilon_min_epsilon_decay,6
109049,0.1,0.9,5,0.6,0.1,0.999,99,True,epsilon_epsilon_min_epsilon_decay,7
109050,0.1,0.9,5,0.6,0.1,0.999,119,True,epsilon_epsilon_min_epsilon_decay,8
109051,0.1,0.9,5,0.6,0.1,0.999,200,False,epsilon_epsilon_min_epsilon_decay,9
110042,0.1,0.9,5,0.8,0.01,0.99,44,True,epsilon_epsilon_min_epsilon_decay,0
110043,0.1,0.9,5,0.8,0.01,0.99,3,True,epsilon_epsilon_min_epsilon_decay,1
110044,0.1,0.9,5,0.8,0.01,0.99,28,True,epsilon_epsilon_min_epsilon_decay,2
110045,0.1,0.9,5,0.8,0.01,0.99,15,True,epsilon_epsilon_min_epsilon_decay,3
110046,0.1,0.9,5,0.8,0.01,0.99,18,True,epsilon_epsilon_min_epsilon_decay,4
110047,0.1,0.9,5,0.8,0.01,0.99,19,True,epsilon_epsilon_min_epsilon_decay,5
110048,0.1,0.9,5,0.8,0.01,0.99,26,True,epsilon_epsilon_min_epsilon_decay,6
110049,0.1,0.9,5,0.8,0.01,0.99,11,True,epsilon_epsilon_min_epsilon_decay,7
110050,0.1,0.9,5,0.8,0.01,0.99,27,True,epsilon_epsilon_min_epsilon_decay,8
110051,0.1,0.9,5,0.8,0.01,0.99,14,True,epsilon_epsilon_min_epsilon_decay,9
111042,0.1,0.9,5,0.8,0.01,0.995,59,True,epsilon_epsilon_min_epsilon_decay,0
111043,0.1,0.9,5,0.8,0.01,0.995,12,True,epsilon_epsilon_min_epsilon_decay,1
111044,0.1,0.9,5,0.8,0.01,0.995,15,True,epsilon_epsilon_min_epsilon_decay,2
111045,0.1,0.9,5,0.8,0.01,0.995,16,True,epsilon_epsilon_min_epsilon_decay,3
111046,0.1,0.9,5,0.8,0.01,0.995,50,True,epsilon_epsilon_min_epsilon_decay,4
111047,0.1,0.9,5,0.8,0.01,0.995,19,True,epsilon_epsilon_min_epsilon_decay,5
111048,0.1,0.9,5,0.8,0.01,0.995,18,True,epsilon_epsilon_min_epsilon_decay,6
111049,0.1,0.9,5,0.8,0.01,0.995,8,True,epsilon_epsilon_min_epsilon_decay,7
111050,0.1,0.9,5,0.8,0.01,0.995,14,True,epsilon_epsilon_min_epsilon_decay,8
111051,0.1,0.9,5,0.8,0.01,0.995,11,True,epsilon_epsilon_min_epsilon_decay,9
112042,0.1,0.9,5,0.8,0.01,0.999,35,True,epsilon_epsilon_min_epsilon_decay,0
112043,0.1,0.9,5,0.8,0.01,0.999,40,True,epsilon_epsilon_min_epsilon_decay,1
112044,0.1,0.9,5,0.8,0.01,0.999,35,True,epsilon_epsilon_min_epsilon_decay,2
112045,0.1,0.9,5,0.8,0.01,0.999,28,True,epsilon_epsilon_min_epsilon_decay,3
112046,0.1,0.9,5,0.8,0.01,0.999,97,True,epsilon_epsilon_min_epsilon_decay,4
112047,0.1,0.9,5,0.8,0.01,0.999,5,True,epsilon_epsilon_min_epsilon_decay,5
112048,0.1,0.9,5,0.8,0.01,0.999,13,True,epsilon_epsilon_min_epsilon_decay,6
112049,0.1,0.9,5,0.8,0.01,0.999,11,True,epsilon_epsilon_min_epsilon_decay,7
112050,0.1,0.9,5,0.8,0.01,0.999,15,True,epsilon_epsilon_min_epsilon_decay,8
112051,0.1,0.9,5,0.8,0.01,0.999,45,True,epsilon_epsilon_min_epsilon_decay,9
113042,0.1,0.9,5,0.8,0.05,0.99,20,True,epsilon_epsilon_min_epsilon_decay,0
113043,0.1,0.9,5,0.8,0.05,0.99,20,True,epsilon_epsilon_min_epsilon_decay,1
113044,0.1,0.9,5,0.8,0.05,0.99,52,True,epsilon_epsilon_min_epsilon_decay,2
113045,0.1,0.9,5,0.8,0.05,0.99,9,True,epsilon_epsilon_min_epsilon_decay,3
113046,0.1,0.9,5,0.8,0.05,0.99,44,True,epsilon_epsilon_min_epsilon_decay,4
113047,0.1,0.9,5,0.8,0.05,0.99,21,True,epsilon_epsilon_min_epsilon_decay,5
113048,0.1,0.9,5,0.8,0.05,0.99,3,True,epsilon_epsilon_min_epsilon_decay,6
113049,0.1,0.9,5,0.8,0.05,0.99,60,True,epsilon_epsilon_min_epsilon_decay,7
113050,0.1,0.9,5,0.8,0.05,0.99,7,True,epsilon_epsilon_min_epsilon_decay,8
113051,0.1,0.9,5,0.8,0.05,0.99,137,True,epsilon_epsilon_min_epsilon_decay,9
114042,0.1,0.9,5,0.8,0.05,0.995,24,True,epsilon_epsilon_min_epsilon_decay,0
114043,0.1,0.9,5,0.8,0.05,0.995,17,True,epsilon_epsilon_min_epsilon_decay,1
114044,0.1,0.9,5,0.8,0.05,0.995,62,True,epsilon_epsilon_min_epsilon_decay,2
114045,0.1,0.9,5,0.8,0.05,0.995,38,True,epsilon_epsilon_min_epsilon_decay,3
114046,0.1,0.9,5,0.8,0.05,0.995,40,True,epsilon_epsilon_min_epsilon_decay,4
114047,0.1,0.9,5,0.8,0.05,0.995,4,True,epsilon_epsilon_min_epsilon_decay,5
114048,0.1,0.9,5,0.8,0.05,0.995,8,True,epsilon_epsilon_min_epsilon_decay,6
114049,0.1,0.9,5,0.8,0.05,0.995,55,True,epsilon_epsilon_min_epsilon_decay,7
114050,0.1,0.9,5,0.8,0.05,0.995,68,True,epsilon_epsilon_min_epsilon_decay,8
114051,0.1,0.9,5,0.8,0.05,0.995,51,True,epsilon_epsilon_min_epsilon_decay,9
115042,0.1,0.9,5,0.8,0.05,0.999,3,True,epsilon_epsilon_min_epsilon_decay,0
115043,0.1,0.9,5,0.8,0.05,0.999,15,True,epsilon_epsilon_min_epsilon_decay,1
115044,0.1,0.9,5,0.8,0.05,0.999,45,True,epsilon_epsilon_min_epsilon_decay,2
115045,0.1,0.9,5,0.8,0.05,0.999,43,True,epsilon_epsilon_min_epsilon_decay,3
115046,0.1,0.9,5,0.8,0.05,0.999,27,True,epsilon_epsilon_min_epsilon_decay,4
115047,0.1,0.9,5,0.8,0.05,0.999,4,True,epsilon_epsilon_min_epsilon_decay,5
115048,0.1,0.9,5,0.8,0.05,0.999,31,True,epsilon_epsilon_min_epsilon_decay,6
115049,0.1,0.9,5,0.8,0.05,0.999,15,True,epsilon_epsilon_min_epsilon_decay,7
115050,0.1,0.9,5,0.8,0.05,0.999,10,True,epsilon_epsilon_min_epsilon_decay,8
115051,0.1,0.9,5,0.8,0.05,0.999,15,True,epsilon_epsilon_min_epsilon_decay,9
116042,0.1,0.9,5,0.8,0.1,0.99,10,True,epsilon_epsilon_min_epsilon_decay,0
116043,0.1,0.9,5,0.8,0.1,0.99,12,True,epsilon_epsilon_min_epsilon_decay,1
116044,0.1,0.9,5,0.8,0.1,0.99,62,True,epsilon_epsilon_min_epsilon_decay,2
116045,0.1,0.9,5,0.8,0.1,0.99,26,True,epsilon_epsilon_min_epsilon_decay,3
116046,0.1,0.9,5,0.8,0.1,0.99,153,True,epsilon_epsilon_min_epsilon_decay,4
116047,0.1,0.9,5,0.8,0.1,0.99,22,True,epsilon_epsilon_min_epsilon_decay,5
116048,0.1,0.9,5,0.8,0.1,0.99,38,True,epsilon_epsilon_min_epsilon_decay,6
116049,0.1,0.9,5,0.8,0.1,0.99,200,False,epsilon_epsilon_min_epsilon_decay,7
116050,0.1,0.9,5,0.8,0.1,0.99,36,True,epsilon_epsilon_min_epsilon_decay,8
116051,0.1,0.9,5,0.8,0.1,0.99,60,True,epsilon_epsilon_min_epsilon_decay,9
117042,0.1,0.9,5,0.8,0.1,0.995,47,True,epsilon_epsilon_min_epsilon_decay,0
117043,0.1,0.9,5,0.8,0.1,0.995,9,True,epsilon_epsilon_min_epsilon_decay,1
117044,0.1,0.9,5,0.8,0.1,0.995,18,True,epsilon_epsilon_min_epsilon_decay,2
117045,0.1,0.9,5,0.8,0.1,0.995,7,True,epsilon_epsilon_min_epsilon_decay,3
117046,0.1,0.9,5,0.8,0.1,0.995,162,True,epsilon_epsilon_min_epsilon_decay,4
117047,0.1,0.9,5,0.8,0.1,0.995,61,True,epsilon_epsilon_min_epsilon_decay,5
117048,0.1,0.9,5,0.8,0.1,0.995,14,True,epsilon_epsilon_min_epsilon_decay,6
117049,0.1,0.9,5,0.8,0.1,0.995,21,True,epsilon_epsilon_min_epsilon_decay,7
117050,0.1,0.9,5,0.8,0.1,0.995,34,True,epsilon_epsilon_min_epsilon_decay,8
117051,0.1,0.9,5,0.8,0.1,0.995,101,True,epsilon_epsilon_min_epsilon_decay,9
118042,0.1,0.9,5,0.8,0.1,0.999,19,True,epsilon_epsilon_min_epsilon_decay,0
118043,0.1,0.9,5,0.8,0.1,0.999,35,True,epsilon_epsilon_min_epsilon_decay,1
118044,0.1,0.9,5,0.8,0.1,0.999,122,True,epsilon_epsilon_min_epsilon_decay,2
118045,0.1,0.9,5,0.8,0.1,0.999,4,True,epsilon_epsilon_min_epsilon_decay,3
118046,0.1,0.9,5,0.8,0.1,0.999,4,True,epsilon_epsilon_min_epsilon_decay,4
118047,0.1,0.9,5,0.8,0.1,0.999,64,True,epsilon_epsilon_min_epsilon_decay,5
118048,0.1,0.9,5,0.8,0.1,0.999,64,True,epsilon_epsilon_min_epsilon_decay,6
118049,0.1,0.9,5,0.8,0.1,0.999,14,True,epsilon_epsilon_min_epsilon_decay,7
118050,0.1,0.9,5,0.8,0.1,0.999,18,True,epsilon_epsilon_min_epsilon_decay,8
118051,0.1,0.9,5,0.8,0.1,0.999,11,True,epsilon_epsilon_min_epsilon_decay,9
119042,0.1,0.9,5,0.9,0.01,0.99,10,True,epsilon_epsilon_min_epsilon_decay,0
119043,0.1,0.9,5,0.9,0.01,0.99,74,True,epsilon_epsilon_min_epsilon_decay,1
119044,0.1,0.9,5,0.9,0.01,0.99,10,True,epsilon_epsilon_min_epsilon_decay,2
119045,0.1,0.9,5,0.9,0.01,0.99,29,True,epsilon_epsilon_min_epsilon_decay,3
119046,0.1,0.9,5,0.9,0.01,0.99,13,True,epsilon_epsilon_min_epsilon_decay,4
119047,0.1,0.9,5,0.9,0.01,0.99,29,True,epsilon_epsilon_min_epsilon_decay,5
119048,0.1,0.9,5,0.9,0.01,0.99,5,True,epsilon_epsilon_min_epsilon_decay,6
119049,0.1,0.9,5,0.9,0.01,0.99,53,True,epsilon_epsilon_min_epsilon_decay,7
119050,0.1,0.9,5,0.9,0.01,0.99,70,True,epsilon_epsilon_min_epsilon_decay,8
119051,0.1,0.9,5,0.9,0.01,0.99,30,True,epsilon_epsilon_min_epsilon_decay,9
120042,0.1,0.9,5,0.9,0.01,0.995,86,True,epsilon_epsilon_min_epsilon_decay,0
120043,0.1,0.9,5,0.9,0.01,0.995,28,True,epsilon_epsilon_min_epsilon_decay,1
120044,0.1,0.9,5,0.9,0.01,0.995,11,True,epsilon_epsilon_min_epsilon_decay,2
120045,0.1,0.9,5,0.9,0.01,0.995,29,True,epsilon_epsilon_min_epsilon_decay,3
120046,0.1,0.9,5,0.9,0.01,0.995,42,True,epsilon_epsilon_min_epsilon_decay,4
120047,0.1,0.9,5,0.9,0.01,0.995,19,True,epsilon_epsilon_min_epsilon_decay,5
120048,0.1,0.9,5,0.9,0.01,0.995,154,True,epsilon_epsilon_min_epsilon_decay,6
120049,0.1,0.9,5,0.9,0.01,0.995,14,True,epsilon_epsilon_min_epsilon_decay,7
120050,0.1,0.9,5,0.9,0.01,0.995,65,True,epsilon_epsilon_min_epsilon_decay,8
120051,0.1,0.9,5,0.9,0.01,0.995,18,True,epsilon_epsilon_min_epsilon_decay,9
121042,0.1,0.9,5,0.9,0.01,0.999,6,True,epsilon_epsilon_min_epsilon_decay,0
121043,0.1,0.9,5,0.9,0.01,0.999,44,True,epsilon_epsilon_min_epsilon_decay,1
121044,0.1,0.9,5,0.9,0.01,0.999,29,True,epsilon_epsilon_min_epsilon_decay,2
121045,0.1,0.9,5,0.9,0.01,0.999,14,True,epsilon_epsilon_min_epsilon_decay,3
121046,0.1,0.9,5,0.9,0.01,0.999,20,True,epsilon_epsilon_min_epsilon_decay,4
121047,0.1,0.9,5,0.9,0.01,0.999,15,True,epsilon_epsilon_min_epsilon_decay,5
121048,0.1,0.9,5,0.9,0.01,0.999,15,True,epsilon_epsilon_min_epsilon_decay,6
121049,0.1,0.9,5,0.9,0.01,0.999,6,True,epsilon_epsilon_min_epsilon_decay,7
121050,0.1,0.9,5,0.9,0.01,0.999,37,True,epsilon_epsilon_min_epsilon_decay,8
121051,0.1,0.9,5,0.9,0.01,0.999,5,True,epsilon_epsilon_min_epsilon_decay,9
122042,0.1,0.9,5,0.9,0.05,0.99,19,True,epsilon_epsilon_min_epsilon_decay,0
122043,0.1,0.9,5,0.9,0.05,0.99,1,True,epsilon_epsilon_min_epsilon_decay,1
122044,0.1,0.9,5,0.9,0.05,0.99,20,True,epsilon_epsilon_min_epsilon_decay,2
122045,0.1,0.9,5,0.9,0.05,0.99,24,True,epsilon_epsilon_min_epsilon_decay,3
122046,0.1,0.9,5,0.9,0.05,0.99,61,True,epsilon_epsilon_min_epsilon_decay,4
122047,0.1,0.9,5,0.9,0.05,0.99,61,True,epsilon_epsilon_min_epsilon_decay,5
122048,0.1,0.9,5,0.9,0.05,0.99,115,True,epsilon_epsilon_min_epsilon_decay,6
122049,0.1,0.9,5,0.9,0.05,0.99,5,True,epsilon_epsilon_min_epsilon_decay,7
122050,0.1,0.9,5,0.9,0.05,0.99,15,True,epsilon_epsilon_min_epsilon_decay,8
122051,0.1,0.9,5,0.9,0.05,0.99,25,True,epsilon_epsilon_min_epsilon_decay,9
123042,0.1,0.9,5,0.9,0.05,0.995,13,True,epsilon_epsilon_min_epsilon_decay,0
123043,0.1,0.9,5,0.9,0.05,0.995,21,True,epsilon_epsilon_min_epsilon_decay,1
123044,0.1,0.9,5,0.9,0.05,0.995,22,True,epsilon_epsilon_min_epsilon_decay,2
123045,0.1,0.9,5,0.9,0.05,0.995,111,True,epsilon_epsilon_min_epsilon_decay,3
123046,0.1,0.9,5,0.9,0.05,0.995,18,True,epsilon_epsilon_min_epsilon_decay,4
123047,0.1,0.9,5,0.9,0.05,0.995,24,True,epsilon_epsilon_min_epsilon_decay,5
123048,0.1,0.9,5,0.9,0.05,0.995,120,True,epsilon_epsilon_min_epsilon_decay,6
123049,0.1,0.9,5,0.9,0.05,0.995,96,True,epsilon_epsilon_min_epsilon_decay,7
123050,0.1,0.9,5,0.9,0.05,0.995,8,True,epsilon_epsilon_min_epsilon_decay,8
123051,0.1,0.9,5,0.9,0.05,0.995,51,True,epsilon_epsilon_min_epsilon_decay,9
124042,0.1,0.9,5,0.9,0.05,0.999,27,True,epsilon_epsilon_min_epsilon_decay,0
124043,0.1,0.9,5,0.9,0.05,0.999,23,True,epsilon_epsilon_min_epsilon_decay,1
124044,0.1,0.9,5,0.9,0.05,0.999,25,True,epsilon_epsilon_min_epsilon_decay,2
124045,0.1,0.9,5,0.9,0.05,0.999,28,True,epsilon_epsilon_min_epsilon_decay,3
124046,0.1,0.9,5,0.9,0.05,0.999,7,True,epsilon_epsilon_min_epsilon_decay,4
124047,0.1,0.9,5,0.9,0.05,0.999,35,True,epsilon_epsilon_min_epsilon_decay,5
124048,0.1,0.9,5,0.9,0.05,0.999,36,True,epsilon_epsilon_min_epsilon_decay,6
124049,0.1,0.9,5,0.9,0.05,0.999,55,True,epsilon_epsilon_min_epsilon_decay,7
124050,0.1,0.9,5,0.9,0.05,0.999,22,True,epsilon_epsilon_min_epsilon_decay,8
124051,0.1,0.9,5,0.9,0.05,0.999,74,True,epsilon_epsilon_min_epsilon_decay,9
125042,0.1,0.9,5,0.9,0.1,0.99,46,True,epsilon_epsilon_min_epsilon_decay,0
125043,0.1,0.9,5,0.9,0.1,0.99,15,True,epsilon_epsilon_min_epsilon_decay,1
125044,0.1,0.9,5,0.9,0.1,0.99,33,True,epsilon_epsilon_min_epsilon_decay,2
125045,0.1,0.9,5,0.9,0.1,0.99,15,True,epsilon_epsilon_min_epsilon_decay,3
125046,0.1,0.9,5,0.9,0.1,0.99,24,True,epsilon_epsilon_min_epsilon_decay,4
125047,0.1,0.9,5,0.9,0.1,0.99,14,True,epsilon_epsilon_min_epsilon_decay,5
125048,0.1,0.9,5,0.9,0.1,0.99,17,True,epsilon_epsilon_min_epsilon_decay,6
125049,0.1,0.9,5,0.9,0.1,0.99,3,True,epsilon_epsilon_min_epsilon_decay,7
125050,0.1,0.9,5,0.9,0.1,0.99,16,True,epsilon_epsilon_min_epsilon_decay,8
125051,0.1,0.9,5,0.9,0.1,0.99,15,True,epsilon_epsilon_min_epsilon_decay,9
126042,0.1,0.9,5,0.9,0.1,0.995,37,True,epsilon_epsilon_min_epsilon_decay,0
126043,0.1,0.9,5,0.9,0.1,0.995,30,True,epsilon_epsilon_min_epsilon_decay,1
126044,0.1,0.9,5,0.9,0.1,0.995,14,True,epsilon_epsilon_min_epsilon_decay,2
126045,0.1,0.9,5,0.9,0.1,0.995,68,True,epsilon_epsilon_min_epsilon_decay,3
126046,0.1,0.9,5,0.9,0.1,0.995,44,True,epsilon_epsilon_min_epsilon_decay,4
126047,0.1,0.9,5,0.9,0.1,0.995,48,True,epsilon_epsilon_min_epsilon_decay,5
126048,0.1,0.9,5,0.9,0.1,0.995,15,True,epsilon_epsilon_min_epsilon_decay,6
126049,0.1,0.9,5,0.9,0.1,0.995,13,True,epsilon_epsilon_min_epsilon_decay,7
126050,0.1,0.9,5,0.9,0.1,0.995,16,True,epsilon_epsilon_min_epsilon_decay,8
126051,0.1,0.9,5,0.9,0.1,0.995,12,True,epsilon_epsilon_min_epsilon_decay,9
127042,0.1,0.9,5,0.9,0.1,0.999,20,True,epsilon_epsilon_min_epsilon_decay,0
127043,0.1,0.9,5,0.9,0.1,0.999,24,True,epsilon_epsilon_min_epsilon_decay,1
127044,0.1,0.9,5,0.9,0.1,0.999,20,True,epsilon_epsilon_min_epsilon_decay,2
127045,0.1,0.9,5,0.9,0.1,0.999,28,True,epsilon_epsilon_min_epsilon_decay,3
127046,0.1,0.9,5,0.9,0.1,0.999,10,True,epsilon_epsilon_min_epsilon_decay,4
127047,0.1,0.9,5,0.9,0.1,0.999,10,True,epsilon_epsilon_min_epsilon_decay,5
127048,0.1,0.9,5,0.9,0.1,0.999,22,True,epsilon_epsilon_min_epsilon_decay,6
127049,0.1,0.9,5,0.9,0.1,0.999,7,True,epsilon_epsilon_min_epsilon_decay,7
127050,0.1,0.9,5,0.9,0.1,0.999,76,True,epsilon_epsilon_min_epsilon_decay,8
127051,0.1,0.9,5,0.9,0.1,0.999,69,True,epsilon_epsilon_min_epsilon_decay,9
